
{
	"allowSleep" : true,
	"autoClearForces" : true,
	"body" : 
	[
		
		{
			"angle" : 0,
			"angularVelocity" : 0,
			"awake" : true,
			"fixture" : 
			[
				
				{
					"chain" : 
					{
						"vertices" : 
						{
							"x" : [ -1027.088378906250, 1027.053955078125 ],
							"y" : [ 0.0, 0.0 ]
						}
					},
					"density" : 1,
					"friction" : 0.2,
					"name" : "fixture2"
				}
			],
			"linearVelocity" : 0,
			"name" : "body0",
			"position" : 
			{
				"x" : -420.0137329101563,
				"y" : -13.90664672851563
			},
			"type" : 0
		},
		
		{
			"angle" : 0,
			"angularVelocity" : 0,
			"awake" : true,
			"fixture" : 
			[
				
				{
					"circle" : 
					{
						"center" : 
						{
							"x" : 6.103515625000000e-005,
							"y" : 5.960464477539063e-008
						},
						"radius" : 0.1388558149337769
					},
					"density" : 1,
					"friction" : 20.0,
					"name" : "fixture5"
				}
			],
			"linearVelocity" : 0,
			"massData-I" : 0.0005839508958160877,
			"massData-center" : 
			{
				"x" : 6.103515625000000e-005,
				"y" : 5.960464477539063e-008
			},
			"massData-mass" : 0.06057285144925118,
			"name" : "rodao_rear_wheel",
			"position" : 
			{
				"x" : -420.6184997558594,
				"y" : -0.9618411064147949
			},
			"type" : 2
		},
		
		{
			"angle" : 0,
			"angularVelocity" : 0,
			"awake" : true,
			"fixture" : 
			[
				
				{
					"density" : 1,
					"friction" : 0.2,
					"name" : "fixture4",
					"polygon" : 
					{
						"vertices" : 
						{
							"x" : 
							[
								0.474426269531250,
								0.474426269531250,
								-0.475402832031250,
								-0.475402832031250
							],
							"y" : 
							[
								-0.06442558765411377,
								0.06442445516586304,
								0.06442445516586304,
								-0.06442558765411377
							]
						}
					}
				}
			],
			"linearVelocity" : 0,
			"massData-I" : 0.009370451793074608,
			"massData-center" : 
			{
				"x" : -0.0004882832872681320,
				"y" : -5.661557906933012e-007
			},
			"massData-mass" : 0.1223855242133141,
			"name" : "rodao_chassis",
			"position" : 
			{
				"x" : -420.2960205078125,
				"y" : -0.8676127195358276
			},
			"type" : 2
		},
		
		{
			"angle" : 0,
			"angularVelocity" : 0,
			"awake" : true,
			"fixture" : 
			[
				
				{
					"circle" : 
					{
						"center" : 
						{
							"x" : -6.103515625000000e-005,
							"y" : -1.549720764160156e-006
						},
						"radius" : 0.1239057332277298
					},
					"density" : 1,
					"friction" : 20.0,
					"name" : "fixture5"
				}
			],
			"linearVelocity" : 0,
			"massData-I" : 0.0003702420217450708,
			"massData-center" : 
			{
				"x" : -6.103515625000000e-005,
				"y" : -1.549720764160156e-006
			},
			"massData-mass" : 0.04823171347379684,
			"name" : "rodao_front_wheel",
			"position" : 
			{
				"x" : -419.9833679199219,
				"y" : -0.9618411064147949
			},
			"type" : 2
		},
		
		{
			"angle" : 0,
			"angularVelocity" : 0,
			"awake" : true,
			"fixture" : 
			[
				
				{
					"circle" : 
					{
						"center" : 0,
						"radius" : 0.32
					},
					"density" : 0.8,
					"friction" : 50.0,
					"name" : "fixture3",
					"restitution" : 0.1
				}
			],
			"linearVelocity" : 0,
			"massData-I" : 0.01317679416388273,
			"massData-mass" : 0.2573592662811279,
			"name" : "peugeot_front_wheel",
			"position" : 
			{
				"x" : -419.9599304199219,
				"y" : 6.217710494995117
			},
			"type" : 2
		},
		
		{
			"angle" : 0,
			"angularVelocity" : 0,
			"awake" : true,
			"fixture" : 
			[
				
				{
					"circle" : 
					{
						"center" : 0,
						"radius" : 0.32
					},
					"density" : 0.8,
					"friction" : 50.0,
					"name" : "fixture1",
					"restitution" : 0.1
				}
			],
			"linearVelocity" : 0,
			"massData-I" : 0.01317679416388273,
			"massData-mass" : 0.2573592662811279,
			"name" : "peugeot_rear_wheel",
			"position" : 
			{
				"x" : -422.6951599121094,
				"y" : 6.218137741088867
			},
			"type" : 2
		},
		
		{
			"angle" : 0,
			"angularDamping" : 1,
			"angularVelocity" : 0,
			"awake" : true,
			"fixture" : 
			[
				
				{
					"density" : 0.9,
					"friction" : 1,
					"name" : "fixture0",
					"polygon" : 
					{
						"vertices" : 
						{
							"x" : 
							[
								2.010520458221436,
								1.971877574920654,
								1.641160488128662,
								1.747143268585205
							],
							"y" : 
							[
								-0.5737545490264893,
								-0.05961489677429199,
								-0.07406926155090332,
								-0.5977187156677246
							]
						}
					}
				},
				
				{
					"density" : 0.9,
					"friction" : 1,
					"name" : "fixture0",
					"polygon" : 
					{
						"vertices" : 
						{
							"x" : 
							[
								1.971877574920654,
								0.2319407463073731,
								0.9666600227355957,
								1.641160488128662
							],
							"y" : 
							[
								-0.05961489677429199,
								0.6366033554077148,
								-0.07406926155090332,
								-0.07406926155090332
							]
						}
					}
				},
				
				{
					"density" : 0.9,
					"friction" : 1,
					"name" : "fixture0",
					"polygon" : 
					{
						"vertices" : 
						{
							"x" : 
							[
								0.9666600227355957,
								0.2319407463073731,
								-0.7923512458801270,
								-1.115139484405518,
								-0.9963850975036621,
								0.8912549018859863
							],
							"y" : 
							[
								-0.07406926155090332,
								0.6366033554077148,
								0.6366033554077148,
								-0.07406926155090332,
								-0.6553335189819336,
								-0.6689975261688232
							]
						}
					}
				},
				
				{
					"density" : 0.9,
					"friction" : 1,
					"name" : "fixture0",
					"polygon" : 
					{
						"vertices" : 
						{
							"x" : 
							[
								-0.7923512458801270,
								-1.575563907623291,
								-1.929371356964111,
								-1.711439609527588,
								-1.115139484405518
							],
							"y" : 
							[
								0.6366033554077148,
								0.4706964492797852,
								0.07985520362854004,
								-0.07406926155090332,
								-0.07406926155090332
							]
						}
					}
				},
				
				{
					"density" : 0.9,
					"friction" : 1,
					"name" : "fixture0",
					"polygon" : 
					{
						"vertices" : 
						{
							"x" : 
							[
								-1.711439609527588,
								-1.929371356964111,
								-1.944919109344482,
								-1.818677425384522
							],
							"y" : 
							[
								-0.07406926155090332,
								0.07985520362854004,
								-0.5504028797149658,
								-0.6351172924041748
							]
						}
					}
				}
			],
			"linearVelocity" : 0,
			"massData-I" : 3.001649379730225,
			"massData-center" : 
			{
				"x" : -0.1269944012165070,
				"y" : -0.01807106658816338
			},
			"massData-mass" : 3.048536062240601,
			"name" : "peugeot_chassis",
			"position" : 
			{
				"x" : -421.2742004394531,
				"y" : 6.780176162719727
			},
			"type" : 2
		}
	],
	"collisionbitplanes" : 
	{
		"names" : 
		[
			"bitplane1",
			"bitplane2",
			"bitplane3",
			"bitplane4",
			"bitplane5",
			"bitplane6",
			"bitplane7",
			"bitplane8",
			"bitplane9",
			"bitplane10",
			"bitplane11",
			"bitplane12",
			"bitplane13",
			"bitplane14",
			"bitplane15",
			"bitplane16",
			"bitplane17",
			"bitplane18",
			"bitplane19",
			"bitplane20",
			"bitplane21",
			"bitplane22",
			"bitplane23",
			"bitplane24",
			"bitplane25",
			"bitplane26",
			"bitplane27",
			"bitplane28",
			"bitplane29",
			"bitplane30",
			"bitplane31",
			"bitplane32"
		]
	},
	"continuousPhysics" : true,
	"gravity" : 
	{
		"x" : 0,
		"y" : -10
	},
	"image" : 
	[
		
		{
			"aspectScale" : 1,
			"body" : 5,
			"center" : 
			{
				"x" : -0.008349766954779625,
				"y" : -0.0002981926372740418
			},
			"corners" : 
			{
				"x" : 
				[
					-0.3072765767574310,
					0.2905770242214203,
					0.2905770242214203,
					-0.3072765767574310
				],
				"y" : 
				[
					-0.2992250025272369,
					-0.2992250025272369,
					0.2986285984516144,
					0.2986285984516144
				]
			},
			"file" : "../../assets-raw/game/peugeot_rear_wheel.png",
			"filter" : 1,
			"glDrawElements" : [ 0, 1, 2, 2, 3, 0 ],