
{
	"allowSleep" : true,
	"autoClearForces" : true,
	"body" : 
	[
		
		{
			"angle" : 0,
			"angularVelocity" : 0,
			"awake" : true,
			"fixture" : 
			[
				
				{
					"density" : 1,
					"friction" : 0.2,
					"name" : "fixture1",
					"polygon" : 
					{
						"vertices" : 
						{
							"x" : 
							[
								0.1796370446681976,
								-0.1806752234697342,
								-0.1726950407028198,
								-0.1256241053342819,
								0.1135887354612351,
								0.1662082076072693
							],
							"y" : 
							[
								0.1596633195877075,
								0.1674344986677170,
								-0.3349947035312653,
								-0.4297935962677002,
								-0.4322006702423096,
								-0.3396264016628265
							]
						}
					}
				},
				
				{
					"density" : 1,
					"friction" : 0.2,
					"name" : "fixture1",
					"polygon" : 
					{
						"vertices" : 
						{
							"x" : 
							[
								0.18,
								0.105212002992630,
								-0.1147890016436577,
								-0.18,
								-0.1806752234697342,
								0.1796370446681976
							],
							"y" : [ 0.33, 0.44, 0.44, 0.33, 0.1674344986677170, 0.1596633195877075 ]
						}
					}
				}
			],
			"linearVelocity" : 0,
			"massData-I" : 0.02017334476113319,
			"massData-center" : 
			{
				"x" : -0.001657032640650868,
				"y" : 0.006232423707842827
			},
			"massData-mass" : 0.2940623164176941,
			"name" : "car_one",
			"position" : 
			{
				"x" : 7.823878765106201,
				"y" : -3.010786056518555
			},
			"type" : 2
		},
		
		{
			"angle" : 0,
			"angularVelocity" : 0,
			"awake" : true,
			"fixture" : 
			[
				
				{
					"chain" : 
					{
						"vertices" : 
						{
							"x" : 
							[
								-1.000032424926758,
								-2.857643127441406,
								-11.14369773864746,
								-13.03162002563477,
								-14.10667800903320,
								-15.95642662048340,
								-17.61570358276367,
								-17.56422805786133,
								-17.52879333496094,
								-17.50267982482910,
								-16.72489547729492,
								-14.75019073486328,
								-13.5646972656250,
								-13.52457904815674,
								-11.35140991210938,
								-5.058984756469727,
								-4.290406227111816,
								-5.939512252807617,
								-7.521534442901611,
								-8.579571723937988,
								-9.387753486633301,
								-9.413778305053711,
								-9.049180984497070,
								-8.260822296142578,
								-7.008265495300293,
								-4.624891757965088,
								-3.724997758865356,
								-2.594773769378662,
								-1.488993644714356,
								-0.9407281875610352,
								-0.7351055145263672
							],
							"y" : 
							[
								-4.377434730529785,
								-5.749763488769531,
								-5.799413204193115,
								-4.991413116455078,
								-4.685341835021973,
								-4.100066661834717,
								-3.431555271148682,
								-0.9051306843757629,
								7.786531925201416,
								9.576114654541016,
								11.00391864776611,
								11.00452709197998,
								9.774971008300781,
								0.1777355670928955,
								-2.280737161636353,
								-1.939603328704834,
								1.569955110549927,
								2.067416191101074,
								2.616123199462891,
								3.426109790802002,
								4.670567512512207,
								10.80901527404785,
								11.65055465698242,
								11.97471237182617,
								12.02111816406250,
								11.52414798736572,
								10.83815956115723,
								10.29936313629150,
								9.618648529052734,
								8.462844848632813,
								-4.263561248779297
							]
						}
					},
					"density" : 0.1,
					"friction" : 0.2,
					"name" : "fixture0"
				}
			],
			"linearVelocity" : 0,
			"name" : "track",
			"position" : 
			{
				"x" : 9.685874938964844,
				"y" : -2.813516139984131
			},
			"type" : 0
		}
	],
	"collisionbitplanes" : 
	{
		"names" : 
		[
			"bitplane1",
			"bitplane2",
			"bitplane3",
			"bitplane4",
			"bitplane5",
			"bitplane6",
			"bitplane7",
			"bitplane8",
			"bitplane9",
			"bitplane10",
			"bitplane11",
			"bitplane12",
			"bitplane13",
			"bitplane14",
			"bitplane15",
			"bitplane16",
			"bitplane17",
			"bitplane18",
			"bitplane19",
			"bitplane20",
			"bitplane21",
			"bitplane22",
			"bitplane23",
			"bitplane24",
			"bitplane25",
			"bitplane26",
			"bitplane27",
			"bitplane28",
			"bitplane29",
			"bitplane30",
			"bitplane31",
			"bitplane32"
		]
	},
	"continuousPhysics" : true,
	"gravity" : 
	{
		"x" : 0,
		"y" : -10
	},
	"image" : 
	[
		
		{
			"angle" : 3.141592741012573,
			"aspectScale" : 1,
			"body" : -1,
			"center" : 
			{
				"x" : 7.828359127044678,
				"y" : -3.000542163848877
			},
			"corners" : 
			{
				"x" : 
				[
					8.064470291137695,
					7.592247962951660,
					7.592247962951660,
					8.064470291137695
				],
				"y" : 
				[
					-2.500542163848877,
					-2.500542163848877,
					-3.500542163848877,
					-3.500542163848877
				]
			},
			"file" : "../../../../../../GameDev/Car_One.png",
			"filter" : 1,
			"glDrawElements" : [ 0, 1, 2, 2, 3, 0 ],
			"glTexCoordPointer" : [ 0.0, 0.0, 1, 0.0, 1, 1, 0.0, 1 ],
			"glVertexPointer" : 
			[
				8.064470291137695,
				-2.500542163848877,
				7.592247962951660,
				-2.500542163848877,
				7.592247962951660,
				-3.500542163848877,
				8.064470291137695,
				-3.500542163848877
			],
			"name" : "image1",
			"opacity" : 0.5,
			"scale" : 1
		},
		
		{
			"aspectScale" : 1,
			"body" : -1,
			"center" : 0,
			"corners" : 
			{
				"x" : [ -10, 10, 10, -10 ],
				"y" : [ -10, -10, 10, 10 ]
			},
			"file" : "../../../../../../GameDev/path01.png",
			"filter" : 1,
			"glDrawElements" : [ 0, 1, 2, 2, 3, 0 ],
			"glTexCoordPointer" : [ 0.0, 0.0, 1, 0.0, 1, 1, 0.0, 1 ],
			"glVertexPointer" : [ -10, -10, 10, -10, 10, 10, -10, 10 ],
			"name" : "image0",
			"opacity" : 0.5,
			"scale" : 20.0
		}
	],
	"positionIterations" : 3,
	"stepsPerSecond" : 60.0,
	"subStepping" : false,
	"velocityIterations" : 8,
	"warmStarting" : true
}
